Workbook

Sheet Job-Suteechu
A1: ปี | B1: วันเริ่ม | C1: กำหนดส่ง | D1: ยืนยันส่งงาน | E1: ทีมช่าง | F1: ชื่อเจ้าของบ้าน | G1: ประเภทงาน | H1: บริการ | I1: สเปคงาน | J1: บ้าน(ตรม.) | K1: ราคา(ตรม.) | L1: ค่าแบบ | M1: วิศวกร | N1: สถาปนิก | O1: คุมงาน | P1: ต้นทุนจริง (Cost) | Q1: ค้างจ่าย | R1: จ่ายแล้ว | S1: กําไรสุทธิ
A2: 2024 | B2: 45298 | C2: 45303 | D2: Done | E2: ช่างสุธีร์ ชุยรัมย์ | F2: JoคุณA | G2: บ้านพักอาศัยชั้นเดียว | H2: แบบก่อสร้าง+3D | I2: 3ห้องนอน 2ห้องน้ำ | J2: 115.35 | K2: =IFERROR(VLOOKUP(E2, ทีมช่าง!$A$2:$C$33, 3, 0), 0) -> 80 | L2: =J2*K2 -> 9228 | M2: 0 | N2: 0 | O2: 0 | P2: 0 | Q2: =K2*J2+M2+N2+O2-P2 -> 9228 | R2: 9228 | S2: =(K2*J2)+(M2+N2+O2)-P2 -> 9228
A3: 2024 | B3: 45308 | C3: 45313 | D3: Done | E3: ช่างสุธีร์ ชุยรัมย์ | F3: JoคุณB | G3: บ้านพักอาศัยชั้นเดียว | H3: แบบก่อสร้าง+3D | I3: 2ห้องนอน 2ห้องน้ำ 1จอดรถ | J3: 80.5 | K3: =IFERROR(VLOOKUP(E3, ทีมช่าง!$A$2:$C$33, 3, 0), 0) -> 80 | L3: =J3*K3 -> 6440 | M3: 0 | N3: 0 | O3: 0 | P3: 0 | Q3: =K3*J3+M3+N3+O3-P3 -> 6440 | R3: 6440 | S3: =(K3*J3)+(M3+N3+O3)-P3 -> 6440
A4: 2024 | B4: 45318 | C4: 45323 | D4: Done | E4: ช่างสุธีร์ ชุยรัมย์ | F4: โครงการ K-อังคณา ร่องแซง A1+ | G4: บ้านพักอาศัยชั้นเดียว | H4: แบบก่อสร้าง+3D | I4: 2ห้องนอน 1ห้องน้ำ | J4: 115.5 | K4: =IFERROR(VLOOKUP(E4, ทีมช่าง!$A$2:$C$33, 3, 0), 0) -> 80 | L4: =J4*K4 -> 9240 | M4: 0 | N4: 0 | O4: 0 | P4: 0 | Q4: =K4*J4+M4+N4+O4-P4 -> 9240 | R4: 9240 | S4: =(K4*J4)+(M4+N4+O4)-P4 -> 9240
A5: 2024 | B5: 45328 | C5: 45333 | D5: Done | E5: ช่างสุธีร์ ชุยรัมย์ | F5: โครงการ K-อังคณา ร่องแซง A1 | G5: บ้านพักอาศัยชั้นเดียว | H5: แบบก่อสร้าง+3D | I5: 2ห้องนอน 1ห้องน้ำ | J5: 105 | K5: =IFERROR(VLOOKUP(E5, ทีมช่าง!$A$2:$C$33, 3, 0), 0) -> 80 | L5: =J5*K5 -> 8400 | M5: 0 | N5: 0 | O5: 0 | P5: 0 | Q5: =K5*J5+M5+N5+O5-P5 -> 8400 | R5: 8400 | S5: =(K5*J5)+(M5+N5+O5)-P5 -> 8400
A6: 2024 | B6: 45338 | C6: 45343 | D6: Done | E6: ช่างสุธีร์ ชุยรัมย์ | F6: โครงการ K-อังคณา ร่องแซง B1 | G6: บ้านพักอาศัยชั้นเดียว | H6: แบบก่อสร้าง+3D | I6: 2ห้องนอน 1ห้องน้ำ | J6: 105 | K6: =IFERROR(VLOOKUP(E6, ทีมช่าง!$A$2:$C$33, 3, 0), 0) -> 80 | L6: =J6*K6 -> 8400 | M6: 0 | N6: 0 | O6: 0 | P6: 0 | Q6: =K6*J6+M6+N6+O6-P6 -> 8400 | R6: 8400 | S6: =(K6*J6)+(M6+N6+O6)-P6 -> 8400
A7: 2024 | B7: 45348 | C7: 45353 | D7: Done | E7: ช่างสุธีร์ ชุยรัมย์ | F7: โครงการ K-อังคณา ร่องแซง C1 | G7: บ้านพักอาศัยชั้นเดียว | H7: แบบก่อสร้าง+3D | I7: 2ห้องนอน 1ห้องน้ำ | J7: 105 | K7: =IFERROR(VLOOKUP(E7, ทีมช่าง!$A$2:$C$33, 3, 0), 0) -> 80 | L7: =J7*K7 -> 8400 | M7: 0 | N7: 0 | O7: 0 | P7: 0 | Q7: =K7*J7+M7+N7+O7-P7 -> 8400 | R7: 8400 | S7: =(K7*J7)+(M7+N7+O7)-P7 -> 8400
A8: 2024 | B8: 45358 | C8: 45363 | D8: Done | E8: ช่างสุธีร์ ชุยรัมย์ | F8: คุณเพชรา ชวนะพันธุ์ | G8: บ้านพักอาศัยชั้นเดียว | H8: แบบก่อสร้าง+3D | I8: 2ห้องนอน 1ห้องน้ำ | J8: 179.5 | K8: =IFERROR(VLOOKUP(E8, ทีมช่าง!$A$2:$C$33, 3, 0), 0) -> 80 | L8: =J8*K8 -> 14360 | M8: 5000 | N8: 0 | O8: 0 | P8: 500 | Q8: =K8*J8+M8+N8+O8-P8 -> 18860 | R8: 18860 | S8: =(K8*J8)+(M8+N8+O8)-P8 -> 18860
A9: 2024 | B9: 45368 | C9: 45373 | D9: Done | E9: ช่างสุธีร์ ชุยรัมย์ | F9: โครงการ NKหินกอง A | G9: บ้านพักอาศัยชั้นเดียว | H9: แบบก่อสร้าง+3D | I9: 2ห้องนอน 1ห้องน้ำ | J9: 85 | K9: =IFERROR(VLOOKUP(E9, ทีมช่าง!$A$2:$C$33, 3, 0), 0) -> 80 | L9: =J9*K9 -> 6800 | M9: 0 | N9: 0 | O9: 0 | P9: 0 | Q9: =K9*J9+M9+N9+O9-P9 -> 6800 | R9: 6800 | S9: =(K9*J9)+(M9+N9+O9)-P9 -> 6800
A10: 2024 | B10: 45378 | C10: 45383 | D10: Done | E10: ช่างสุธีร์ ชุยรัมย์ | F10: โครงการ NKหินกอง B | G10: บ้านพักอาศัยชั้นเดียว | H10: แบบก่อสร้าง+3D | I10: 3ห้องนอน 2ห้องน้ำ | J10: 105 | K10: =IFERROR(VLOOKUP(E10, ทีมช่าง!$A$2:$C$33, 3, 0), 0) -> 80 | L10: =J10*K10 -> 8400 | M10: 0 | N10: 0 | O10: 0 | P10: 0 | Q10: =K10*J10+M10+N10+O10-P10 -> 8400 | R10: 8400 | S10: =(K10*J10)+(M10+N10+O10)-P10 -> 8400
A11: 2024 | B11: 45388 | C11: 45393 | D11: Done | E11: ช่างมนตรี อุ่นแก้ว | F11: คุณศศิธรา วังคะฮาด-B | G11: บ้านพักอาศัยชั้นเดียว | H11: แบบก่อสร้าง+3D | I11: 2ห้องนอน 1ห้องน้ำ | J11: 114.5 | K11: =IFERROR(VLOOKUP(E11, ทีมช่าง!$A$2:$C$33, 3, 0), 0) -> 70 | L11: =J11*K11 -> 8015 | M11: 0 | N11: 0 | O11: 0 | P11: 0 | Q11: =K11*J11+M11+N11+O11-P11 -> 8015 | R11: 8015 | S11: =(K11*J11)+(M11+N11+O11)-P11 -> 8015
A12: 2024 | B12: 45398 | C12: 45403 | D12: Done | E12: ช่างนิติพันธ์ เปือยยะ | F12: คุณกัญญา จันทคีรี | G12: บ้านพักอาศัยชั้นเดียว | H12: แบบก่อสร้าง+3D | I12: 3ห้องนอน 2ห้องน้ำ | J12: 110 | K12: =IFERROR(VLOOKUP(E12, ทีมช่าง!$A$2:$C$33, 3, 0), 0) -> 80 | L12: =J12*K12 -> 8800 | M12: 0 | N12: 0 | O12: 0 | P12: 0 | Q12: =K12*J12+M12+N12+O12-P12 -> 8800 | R12: 8800 | S12: =(K12*J12)+(M12+N12+O12)-P12 -> 8800
A13: 2024 | B13: 45408 | C13: 45413 | D13: Done | E13: ช่างนิติพันธ์ เปือยยะ | F13: คุณNT003 | G13: บ้านพักอาศัยชั้นเดียว | H13: แบบก่อสร้าง+3D | I13: 2ห้องนอน 2ห้องน้ำ 1จอดรถ | J13: 93 | K13: =IFERROR(VLOOKUP(E13, ทีมช่าง!$A$2:$C$33, 3, 0), 0) -> 80 | L13: =J13*K13 -> 7440 | M13: 0 | N13: 0 | O13: 0 | P13: 0 | Q13: =K13*J13+M13+N13+O13-P13 -> 7440 | R13: 7440 | S13: =(K13*J13)+(M13+N13+O13)-P13 -> 7440
... A90: 2026 | B90: 45996 | C90: 46032 | D90: Done | E90: ช่างสุธีร์(งานทั้วไป) | F90: คุณภูวนาท แหยมนาค | G90: บ้านพักอาศัยชั้นเดียว | H90: แบบก่อสร้าง+3D | I90: 2ห้องนอน 2ห้องน้ำ 2จอดรถ | J90: 18000 | K90: =IFERROR(VLOOKUP(E90, ทีมช่าง!$A$2:$C$33, 3, 0), 0) -> 1 | L90: =J90*K90 -> 18000 | M90: 0 | N90: 0 | O90: 0 | P90: 0 | Q90: =K90*J90+M90+N90+O90-P90 -> 18000 | R90: 18000 | S90: =(K90*J90)+(M90+N90+O90)-P90 -> 18000

Sheet ทีมช่าง
A1: ทีมช่าง | B1: จังหวัด | C1: บาท/ตรม
A2: ช่างนิติพันธ์ เปือยยะ | B2: อุดรธานี | C2: 80
A3: ช่างนิติพันธ์(งานทั้วไป) | B3: อุดรธานี | C3: 1
A4: ช่างนิพนธ์ ชัยจรินันท์ | B4: สระบุรี | C4: 70
A5: ช่างนิพนธ์(งานทั้วไป) | B5: สระบุรี | C5: 1
A6: ช่างมนตรี อุ่นแก้ว | B6: ปทุมธานี | C6: 70
A7: ช่างมนตรี(งานทั้วไป) | B7: ปทุมธานี | C7: 1
A8: ช่างสุธีร์ ชุยรัมย์ | B8: สระบุรี | C8: 80
A9: ช่างสุธีร์(งานทั้วไป) | B9: สระบุรี | C9: 1
A10: ช่างPAR | B10: สระบุรี | C10: 85
A11: PAR(Job) | B11: สระบุรี | C11: 1
A12: BOQ | B12: สระบุรี | C12: 35
A13: อื่นฯ | B13: กทม | C13: 1
A14: ไม่ระบุ | B14: กทม | C14: 1

Sheet บริการ
A1: บริการ
A2: แบบก่อสร้าง+3D
A3: แบบก่อสร้าง
A4: BOQ
A5: ชุด3Dเรนเดอร์
A6: เหมาชุดผังโครงการ
A7: ผังบริเวณ
A8: ต่อเติม
A9: เอกสารวิชาชีพ
A10: ทั่วไปฯ
A11: อื่นฯ

Sheet ประเภทงาน
A1: ประเภทงาน
A2: บ้านพักอาศัยชั้นเดียว
A3: บ้านพักอาศัยชั้นครึ่ง
A4: บ้านพักอาศัยสองชั้น
A5: บ้านน็อคดาวน์
A6: อาคารหอพัก
A7: อพาร์ทเม้นท์
A8: ต่อเติม
A9: 3Dเรนเดอร์
A10: BOQ
A11: เอกสารวิชาชีพ
A12: ทั่วไปฯ
A13: อื่นฯ

Sheet สเปคงาน
A1: สเปคงาน
A2: 1ห้องนอน 1ห้องน้ำ
A3: 2ห้องนอน 1ห้องน้ำ
A4: 2ห้องนอน 2ห้องน้ำ
A5: 2ห้องนอน 3ห้องน้ำ
A6: 3ห้องนอน 1ห้องน้ำ
A7: 3ห้องนอน 2ห้องน้ำ
A8: 3ห้องนอน 3ห้องน้ำ
A9: 4ห้องนอน 2ห้องน้ำ
A10: 4ห้องนอน 3ห้องน้ำ
A11: 4ห้องนอน 4ห้องน้ำ
A12: 5ห้องนอน 3ห้องน้ำ
... A18: -
